player_link,player_name,regular_fgp,hot_fgp,num_hot_shots
/players/b/bassbr01.html,Brandon Bass,0.504,0.4950980392156863,204
/players/j/johnsty01.html,Tyler Johnson,0.419,0.475,40
/players/m/macksh01.html,Shelvin Mack,0.401,0.3230769230769231,65
/players/c/coleno01.html,Norris Cole,0.412,0.4305555555555556,144
/players/m/muhamsh01.html,Shabazz Muhammad,0.489,0.4701492537313433,134
/players/t/thompho01.html,Hollis Thompson,0.413,0.45528455284552843,123
/players/b/barbole01.html,Leandro Barbosa,0.474,0.44036697247706424,109
/players/m/morrida01.html,Darius Morris,0.34,0.2727272727272727,22
/players/m/mekelga01.html,Gal Mekel,0.15,0.0,2
/players/j/jefferi01.html,Richard Jefferson,0.444,0.36619718309859156,71
/players/r/rosede01.html,Derrick Rose,0.405,0.4375,272
/players/w/walkebi01.html,Henry Walker,0.345,0.46875,32
/players/k/kiddgmi01.html,Michael Kidd-Gilchrist,0.465,0.43795620437956206,137
/players/n/nurkiju01.html,Jusuf Nurkic,0.446,0.5,100
/players/b/breweco01.html,Corey Brewer,0.426,0.3805309734513274,226
/players/g/gallida01.html,Danilo Gallinari,0.401,0.40268456375838924,149
/players/m/monrogr01.html,Greg Monroe,0.496,0.48,300
/players/c/chrispa01.html,Patrick Christopher,0.25,0.5,2
/players/f/fournev01.html,Evan Fournier,0.44,0.3333333333333333,171
/players/k/koufoko01.html,Kosta Koufos,0.508,0.5119047619047619,84
/players/l/leuerjo01.html,Jon Leuer,0.443,0.4857142857142857,70
/players/b/bullore01.html,Reggie Bullock,0.343,0.4,5
/players/r/rubiori01.html,Ricky Rubio,0.356,0.32653061224489793,49
/players/i/iguodan01.html,Andre Iguodala,0.466,0.5,120
/players/f/farieke01.html,Kenneth Faried,0.507,0.5431034482758621,232
/players/p/parsoch01.html,Chandler Parsons,0.462,0.4634146341463415,287
/players/i/inglejo01.html,Joe Ingles,0.415,0.3466666666666667,75
/players/k/karasse01.html,Sergey Karasev,0.403,0.2972972972972973,37
/players/b/bazemke01.html,Kent Bazemore,0.426,0.35384615384615387,65
/players/m/morroan01.html,Anthony Morrow,0.463,0.44571428571428573,175
/players/b/beverpa01.html,Patrick Beverley,0.383,0.32,125
/players/m/matthwe02.html,Wesley Matthews,0.448,0.4,215
/players/y/youngni01.html,Nick Young,0.366,0.3,130
/players/b/bayleje01.html,Jerryd Bayless,0.426,0.42948717948717946,156
/players/b/brownja01.html,Jabari Brown,0.412,0.3783783783783784,37
/players/c/curryst01.html,Stephen Curry,0.487,0.45740740740740743,540
/players/p/priceaj01.html,A.J. Price,0.372,0.2894736842105263,38
/players/l/lopezro01.html,Robin Lopez,0.535,0.6016260162601627,123
/players/d/davisan02.html,Anthony Davis,0.535,0.5215686274509804,510
/players/z/zelleco01.html,Cody Zeller,0.461,0.4945054945054945,91
/players/t/thomptr01.html,Tristan Thompson,0.547,0.5572519083969466,131
/players/t/tollian01.html,Anthony Tolliver,0.41,0.3333333333333333,75
/players/s/sacrero01.html,Robert Sacre,0.412,0.40298507462686567,67
/players/c/clarkia01.html,Ian Clark,0.345,0.2222222222222222,9
/players/d/drewla02.html,Larry Drew,0.345,0.18181818181818182,11
/players/a/anthojo01.html,Joel Anthony,0.581,0.5,10
/players/d/dienggo01.html,Gorgui Dieng,0.506,0.47019867549668876,151
/players/l/lenal01.html,Alex Len,0.507,0.5595238095238095,84
/players/h/haywobr01.html,Brendan Haywood,0.467,0.5,6
/players/g/gayru01.html,Rudy Gay,0.455,0.4625,400
/players/a/afflaar01.html,Arron Afflalo,0.424,0.41198501872659177,267
/players/s/simshe01.html,Henry Sims,0.474,0.5158730158730159,126
/players/c/cunnija01.html,Jared Cunningham,0.364,0.0,4
/players/b/beaslmi01.html,Michael Beasley,0.434,0.46774193548387094,62
/players/d/diawbo01.html,Boris Diaw,0.46,0.47878787878787876,165
/players/d/davisgl01.html,Glen Davis,0.459,0.36363636363636365,55
/players/z/zellety01.html,Tyler Zeller,0.549,0.5596330275229358,218
/players/n/noelne01.html,Nerlens Noel,0.462,0.519774011299435,177
/players/d/drumman01.html,Andre Drummond,0.514,0.5492063492063493,315
/players/f/fraziti01.html,Tim Frazier,0.344,0.375,8
/players/n/nichoan01.html,Andrew Nicholson,0.437,0.4074074074074074,54
/players/w/walljo01.html,John Wall,0.445,0.4254278728606357,409
/players/m/milescj01.html,C.J. Miles,0.398,0.42857142857142855,238
/players/g/gordoaa01.html,Aaron Gordon,0.447,0.46938775510204084,49
/players/s/shumpim01.html,Iman Shumpert,0.41,0.415929203539823,113
/players/h/humphkr01.html,Kris Humphries,0.473,0.5238095238095238,126
/players/r/ridnolu01.html,Luke Ridnour,0.426,0.4722222222222222,36
/players/h/hairspj02.html,P.J. Hairston,0.323,0.3125,48
/players/j/johnswe01.html,Wesley Johnson,0.414,0.40718562874251496,167
/players/l/lauvejo01.html,Joffrey Lauvergne,0.404,0.30434782608695654,23
/players/m/mcgeeja01.html,JaVale McGee,0.532,0.6470588235294118,17
/players/j/jennibr01.html,Brandon Jennings,0.401,0.4010989010989011,182
/players/n/nelsoja01.html,Jameer Nelson,0.407,0.3722627737226277,137
/players/l/livinsh01.html,Shaun Livingston,0.5,0.49504950495049505,101
/players/p/pressph01.html,Phil Pressey,0.368,0.3076923076923077,26
/players/w/webstma02.html,Martell Webster,0.264,0.07142857142857142,14
/players/a/aldrila01.html,LaMarcus Aldridge,0.466,0.4632768361581921,531
/players/a/anderch01.html,Chris Andersen,0.58,0.5777777777777777,45
/players/a/adrieje01.html,Jeff Adrien,0.432,0.42857142857142855,7
/players/d/dellama01.html,Matthew Dellavedova,0.362,0.39285714285714285,56
/players/o/oquinky01.html,Kyle O'Quinn,0.492,0.5087719298245614,57
/players/a/asikom01.html,Omer Asik,0.517,0.48,100
/players/h/harrito02.html,Tobias Harris,0.466,0.44983818770226536,309
/players/k/kellyry01.html,Ryan Kelly,0.337,0.3389830508474576,59
/players/w/willilo02.html,Lou Williams,0.404,0.3772893772893773,273
/players/m/millspa01.html,Paul Millsap,0.476,0.4483870967741935,310
/players/n/napiesh01.html,Shabazz Napier,0.382,0.2727272727272727,44
/players/c/chandty01.html,Tyson Chandler,0.666,0.6884057971014492,138
/players/p/paytoel01.html,Elfrid Payton,0.425,0.44387755102040816,196
/players/j/jamesbe01.html,Bernard James,0.444,0.75,4
/players/w/whittsh01.html,Shayne Whittington,0.452,0.36363636363636365,11
/players/k/knighbr03.html,Brandon Knight,0.422,0.4107142857142857,280
/players/e/evansre01.html,Reggie Evans,0.423,0.42857142857142855,28
/players/h/haywago01.html,Gordon Hayward,0.445,0.4423076923076923,364
/players/c/cottobr01.html,Bryce Cotton,0.42,0.38095238095238093,21
/players/j/jerebjo01.html,Jonas Jerebko,0.446,0.35398230088495575,113
/players/p/papanko01.html,Kostas Papanikolaou,0.35,0.3333333333333333,39
/players/p/pendeje02.html,Jeff Ayres,0.579,0.5454545454545454,22
/players/d/douglch01.html,Chris Douglas-Roberts,0.238,0.5,2
/players/w/woltena01.html,Nate Wolters,0.351,0.45454545454545453,11
/players/b/burketr01.html,Trey Burke,0.368,0.3674911660777385,283
/players/t/thompja02.html,Jason Thompson,0.47,0.49473684210526314,95
/players/h/hayesch01.html,Chuck Hayes,0.478,0.4,5
/players/b/barroea01.html,Earl Barron,0.308,0.2,5
/players/h/harrijo01.html,Joe Harris,0.4,0.3333333333333333,21
/players/i/ibakase01.html,Serge Ibaka,0.476,0.48221343873517786,253
/players/d/duncati01.html,Tim Duncan,0.512,0.4927536231884058,276
/players/m/martike01.html,Kenyon Martin,0.409,1.0,1
/players/g/gutiejo01.html,Jorge Gutierrez,0.537,0.7,10
/players/h/hardeja01.html,James Harden,0.44,0.4480769230769231,520
/players/b/bryanko01.html,Kobe Bryant,0.373,0.3391304347826087,230
/players/m/millspa02.html,Patrick Mills,0.381,0.40789473684210525,76
/players/b/butleji01.html,Jimmy Butler,0.462,0.4513888888888889,288
/players/s/singlky01.html,Kyle Singler,0.386,0.3627450980392157,102
/players/m/mbahalu01.html,Luc Mbah a Moute,0.395,0.4049079754601227,163
/players/b/brandel01.html,Elton Brand,0.442,0.3333333333333333,27
/players/j/jeffeal01.html,Al Jefferson,0.481,0.4609164420485175,371
/players/r/radulmi01.html,Miroslav Raduljica,0.375,0.0,2
/players/g/greenda02.html,Danny Green,0.436,0.39572192513368987,187
/players/m/meeksjo01.html,Jodie Meeks,0.416,0.40789473684210525,152
/players/s/speigma01.html,Marreese Speights,0.492,0.47767857142857145,224
/players/p/princta01.html,Tayshaun Prince,0.44,0.4392523364485981,107
/players/c/casspom01.html,Omri Casspi,0.489,0.5042735042735043,117
/players/m/millsel01.html,Elijah Millsap,0.34,0.3111111111111111,45
/players/t/tuckepj01.html,P.J. Tucker,0.438,0.44285714285714284,140
/players/m/mccalra01.html,Ray McCallum,0.438,0.43846153846153846,130
/players/w/willide01.html,Deron Williams,0.387,0.40707964601769914,226
/players/h/hawessp01.html,Spencer Hawes,0.393,0.3522727272727273,88
/players/w/willima02.html,Marvin Williams,0.424,0.38095238095238093,105
/players/s/smithjr01.html,J.R. Smith,0.417,0.37777777777777777,225
/players/w/wroteto01.html,Tony Wroten,0.403,0.4015748031496063,127
/players/r/roberan03.html,Andre Roberson,0.458,0.4375,32
/players/b/bennean01.html,Anthony Bennett,0.421,0.39473684210526316,76
/players/p/pricero01.html,Ronnie Price,0.345,0.41025641025641024,39
/players/m/mcderdo01.html,Doug McDermott,0.402,0.39285714285714285,28
/players/j/johnsni01.html,Nick Johnson,0.347,0.38461538461538464,13
/players/d/derozde01.html,DeMar DeRozan,0.413,0.4205607476635514,321
/players/b/batumni01.html,Nicolas Batum,0.4,0.38961038961038963,154
/players/w/westda01.html,David West,0.471,0.42727272727272725,220
/players/a/anderal01.html,Alan Anderson,0.443,0.415929203539823,113
/players/a/arizatr01.html,Trevor Ariza,0.402,0.4122448979591837,245
/players/b/bogdabo02.html,Bojan Bogdanovic,0.453,0.49710982658959535,173
/players/m/mohamna01.html,Nazr Mohammed,0.433,0.75,4
/players/r/riverau01.html,Austin Rivers,0.409,0.425,120
/players/h/harriga01.html,Gary Harris,0.304,0.2894736842105263,38
/players/m/milleda01.html,Darius Miller,0.143,0.0,1
/players/s/smartma01.html,Marcus Smart,0.367,0.39090909090909093,110
/players/f/frankja01.html,Jamaal Franklin,0.5,0.0,1
/players/p/parketo01.html,Tony Parker,0.486,0.48242811501597443,313
/players/l/larkish01.html,Shane Larkin,0.433,0.3263157894736842,95
/players/m/mayooj01.html,O.J. Mayo,0.422,0.41784037558685444,213
/players/m/millean02.html,Andre Miller,0.5,0.5409836065573771,61
/players/b/brownsh01.html,Shannon Brown,0.368,0.0,2
/players/m/mcneaje01.html,Jerel McNeal,0.273,0.5,2
/players/k/kamanch01.html,Chris Kaman,0.515,0.4863013698630137,146
/players/p/parkeja01.html,Jabari Parker,0.49,0.4880952380952381,84
/players/t/thomala01.html,Lance Thomas,0.412,0.4636363636363636,110
/players/h/hensojo01.html,John Henson,0.566,0.55,100
/players/r/randoza01.html,Zach Randolph,0.487,0.49206349206349204,315
/players/k/kanteen01.html,Enes Kanter,0.519,0.5118343195266272,338
/players/h/hendege02.html,Gerald Henderson,0.437,0.4351145038167939,262
/players/a/anderky01.html,Kyle Anderson,0.348,0.3888888888888889,18
/players/s/smithis01.html,Ish Smith,0.39,0.47572815533980584,103
/players/h/hillso01.html,Solomon Hill,0.396,0.3291139240506329,158
/players/m/morrima03.html,Marcus Morris,0.434,0.4298642533936652,221
/players/c/covinro01.html,Robert Covington,0.396,0.3853658536585366,205
/players/l/leoname01.html,Meyers Leonard,0.51,0.5217391304347826,69
/players/f/favorde01.html,Derrick Favors,0.525,0.4984520123839009,323
/players/s/smithru01.html,Russ Smith,0.32,0.42857142857142855,7
/players/a/adamsst01.html,Steven Adams,0.544,0.5339805825242718,103
/players/u/udrihbe01.html,Beno Udrih,0.487,0.5251798561151079,139
/players/b/booketr01.html,Trevor Booker,0.487,0.45528455284552843,123
/players/g/gasolma01.html,Marc Gasol,0.494,0.44854881266490765,379
/players/j/johnsch04.html,Chris Johnson,0.403,0.46153846153846156,26
/players/h/hilarne01.html,Nene Hilario,0.511,0.489247311827957,186
/players/l/lavinza01.html,Zach LaVine,0.422,0.430622009569378,209
/players/w/wrighdo01.html,Dorell Wright,0.379,0.36585365853658536,41
/players/s/scolalu01.html,Luis Scola,0.467,0.43434343434343436,198
/players/g/greenja01.html,JaMychal Green,0.574,0.42857142857142855,14
/players/r/rushbr01.html,Brandon Rush,0.204,0.0,3
/players/l/lillada01.html,Damian Lillard,0.434,0.4229934924078091,461
/players/d/dawkian01.html,Andre Dawkins,0.167,0.0,1
/players/b/blueva01.html,Vander Blue,0.3,0.16666666666666666,6
/players/c/calatni01.html,Nick Calathes,0.421,0.4375,64
/players/d/dinwisp01.html,Spencer Dinwiddie,0.302,0.3103448275862069,29
/players/e/exumda01.html,Dante Exum,0.349,0.3088235294117647,68
/players/s/sloando01.html,Donald Sloan,0.408,0.46875,96
/players/b/bealbr01.html,Bradley Beal,0.427,0.3816793893129771,262
/players/j/jonespe01.html,Perry Jones,0.397,0.3111111111111111,45
/players/s/stiemgr01.html,Greg Stiemsma,0.75,1.0,1
/players/o/olynyke01.html,Kelly Olynyk,0.475,0.49019607843137253,153
/players/s/salmojo01.html,John Salmons,0.333,0.6,5
/players/d/dalemsa01.html,Samuel Dalembert,0.438,0.34615384615384615,26
/players/g/goberru01.html,Rudy Gobert,0.604,0.5154639175257731,97
/players/h/hillge01.html,George Hill,0.477,0.4756756756756757,185
/players/g/garcifr01.html,Francisco Garcia,0.27,0.1,10
/players/j/jonesja02.html,James Jones,0.368,0.3333333333333333,42
/players/a/anthoca01.html,Carmelo Anthony,0.444,0.4033898305084746,295
/players/c/caldwke01.html,Kentavious Caldwell-Pope,0.401,0.3505535055350554,271
/players/e/earlycl01.html,Cleanthony Early,0.355,0.36,50
/players/c/collida01.html,Darren Collison,0.473,0.43575418994413406,179
/players/g/greendr01.html,Draymond Green,0.443,0.44052863436123346,227
/players/d/dedmode01.html,Dewayne Dedmon,0.562,0.5151515151515151,33
/players/r/rondora01.html,Rajon Rondo,0.426,0.3817204301075269,186
/players/p/plumlma01.html,Mason Plumlee,0.573,0.5902777777777778,144
/players/w/walkeke02.html,Kemba Walker,0.385,0.35906040268456374,298
/players/f/freeljo01.html,Joel Freeland,0.49,0.5714285714285714,35
/players/p/perkike01.html,Kendrick Perkins,0.449,0.48717948717948717,39
/players/v/vucevni01.html,Nikola Vucevic,0.523,0.5236139630390144,487
/players/l/linje01.html,Jeremy Lin,0.424,0.44623655913978494,186
/players/t/thompkl01.html,Klay Thompson,0.463,0.47890295358649787,474
/players/k/kilpase01.html,Sean Kilpatrick,0.35,1.0,4
/players/r/rosste01.html,Terrence Ross,0.41,0.40540540540540543,222
/players/g/gibsota01.html,Taj Gibson,0.502,0.5273972602739726,146
/players/r/roberbr01.html,Brian Roberts,0.389,0.43119266055045874,109
/players/p/pargoja01.html,Jannero Pargo,0.429,0.23076923076923078,13
/players/n/nealga01.html,Gary Neal,0.374,0.3524590163934426,122
/players/w/wadedw01.html,Dwyane Wade,0.47,0.4913151364764268,403
/players/c/conlemi01.html,Mike Conley,0.446,0.41471571906354515,299
/players/e/evansty01.html,Tyreke Evans,0.447,0.45153061224489793,392
/players/r/robinth01.html,Thomas Robinson,0.485,0.5138888888888888,72
/players/s/stoudam01.html,Amar'e Stoudemire,0.557,0.5753424657534246,146
/players/p/poweldw01.html,Dwight Powell,0.463,0.4,15
/players/i/irvinky01.html,Kyrie Irving,0.468,0.43817787418655096,461
/players/m/mahinia01.html,Ian Mahinmi,0.552,0.4146341463414634,41
/players/d/dragizo01.html,Zoran Dragic,0.367,0.8333333333333334,6
/players/g/grantje01.html,Jerami Grant,0.352,0.3888888888888889,54
/players/s/sandela01.html,Larry Sanders,0.5,0.5384615384615384,39
/players/s/smithjo03.html,Josh Smith,0.419,0.4028268551236749,283
/players/w/willide02.html,Derrick Williams,0.447,0.4117647058823529,136
/players/p/paulch01.html,Chris Paul,0.485,0.47380410022779046,439
/players/n/novakst01.html,Steve Novak,0.393,0.4,10
/players/b/butlera01.html,Rasual Butler,0.422,0.3611111111111111,144
/players/m/mooreet01.html,E'Twaun Moore,0.446,0.3939393939393939,33
/players/y/youngth01.html,Thaddeus Young,0.466,0.4481707317073171,328
/players/d/duranke01.html,Kevin Durant,0.51,0.5652173913043478,184
/players/b/babbilu01.html,Luke Babbitt,0.479,0.4782608695652174,46
/players/s/serapke01.html,Kevin Seraphin,0.513,0.524822695035461,141
/players/a/aldrico01.html,Cole Aldrich,0.478,0.5063291139240507,79
/players/w/williel01.html,Elliot Williams,0.378,0.5,4
/players/h/hibbero01.html,Roy Hibbert,0.446,0.4055299539170507,217
/players/c/copelch01.html,Chris Copeland,0.361,0.2875,80
/players/g/greenge01.html,Gerald Green,0.416,0.38735177865612647,253
/players/h/howardw01.html,Dwight Howard,0.593,0.5523255813953488,172
/players/l/lawsoty01.html,Ty Lawson,0.436,0.40716612377850164,307
/players/j/jamesle01.html,LeBron James,0.488,0.46558704453441296,494
/players/b/brownma02.html,Markel Brown,0.362,0.30952380952380953,42
/players/e/ellinwa01.html,Wayne Ellington,0.412,0.43636363636363634,165
/players/s/schrode01.html,Dennis Schroder,0.427,0.3626373626373626,182
/players/t/turkohe01.html,Hedo Turkoglu,0.441,0.47368421052631576,38
/players/s/sampsja02.html,JaKarr Sampson,0.422,0.410958904109589,73
/players/g/ginobma01.html,Manu Ginobili,0.426,0.4013605442176871,147
/players/b/budinch01.html,Chase Budinger,0.433,0.45161290322580644,93
/players/j/jonesda02.html,Dahntay Jones,0.286,0.5,2
/players/h/holliry01.html,Ryan Hollins,0.646,0.75,24
/players/v/valanjo01.html,Jonas Valanciunas,0.572,0.5579399141630901,233
/players/d/danietr01.html,Troy Daniels,0.37,0.39473684210526316,38
/players/r/ricegl02.html,Glen Rice,0.2,0.0,2
/players/c/couside01.html,DeMarcus Cousins,0.467,0.48138297872340424,376
/players/b/buyckdw01.html,Dwight Buycks,0.45,0.46153846153846156,13
/players/t/thomais02.html,Isaiah Thomas,0.42,0.4525862068965517,232
/players/t/thornma01.html,Marcus Thornton,0.406,0.28846153846153844,104
/players/b/bonnema01.html,Matt Bonner,0.409,0.4523809523809524,42
/players/p/pekovni01.html,Nikola Pekovic,0.424,0.3804347826086957,92
/players/s/shvedal01.html,Alexey Shved,0.397,0.39285714285714285,84
/players/s/stuckro01.html,Rodney Stuckey,0.44,0.4309623430962343,239
/players/h/hamilju01.html,Justin Hamilton,0.478,0.4878048780487805,41
/players/m/middlkh01.html,Khris Middleton,0.467,0.46619217081850534,281
/players/b/bogutan01.html,Andrew Bogut,0.563,0.6105263157894737,95
/players/e/ennisty01.html,Tyler Ennis,0.361,0.21621621621621623,37
/players/a/anderry01.html,Ryan Anderson,0.399,0.4046511627906977,215
/players/m/marblde01.html,Devyn Marble,0.318,0.6,5
/players/v/vasqugr01.html,Greivis Vasquez,0.408,0.3465346534653465,202
/players/m/mozgoti01.html,Timofey Mozgov,0.555,0.5666666666666667,180
/players/a/arthuda01.html,Darrell Arthur,0.404,0.36363636363636365,88
/players/h/hansbty01.html,Tyler Hansbrough,0.521,0.6666666666666666,24
/players/p/pachuza01.html,Zaza Pachulia,0.454,0.43410852713178294,129
/players/m/motiedo01.html,Donatas Motiejunas,0.504,0.5116279069767442,215
/players/h/hoodro01.html,Rodney Hood,0.414,0.4421052631578947,95
/players/j/jenkijo01.html,John Jenkins,0.495,0.4827586206896552,29
/players/s/stephla01.html,Lance Stephenson,0.376,0.3829787234042553,141
/players/m/muscami01.html,Mike Muscala,0.55,0.574468085106383,47
/players/w/waitedi01.html,Dion Waiters,0.396,0.39015151515151514,264
/players/m/maxieja01.html,Jason Maxiell,0.422,0.5142857142857142,35
/players/g/gallola01.html,Langston Galloway,0.399,0.39285714285714285,140
/players/f/farmajo01.html,Jordan Farmar,0.386,0.43333333333333335,30
/players/c/crawfja01.html,Jamal Crawford,0.396,0.3684210526315789,266
/players/w/warretj01.html,T.J. Warren,0.528,0.4931506849315068,73
/players/s/smithgr02.html,Greg Smith,0.612,0.5714285714285714,7
/players/w/wilcocj01.html,C.J. Wilcox,0.421,0.4,10
/players/g/gordoer01.html,Eric Gordon,0.411,0.4228855721393035,201
/players/s/sessira01.html,Ramon Sessions,0.374,0.38571428571428573,70
/players/s/stockda01.html,David Stockton,0.333,0.0,1
/players/a/anticpe01.html,Pero Antic,0.365,0.34782608695652173,46
/players/w/westbru01.html,Russell Westbrook,0.426,0.4280373831775701,535
/players/m/mcdankj01.html,K.J. McDaniels,0.396,0.3176470588235294,85
/players/r/robinna01.html,Nate Robinson,0.345,0.39655172413793105,58
/players/b/barneha02.html,Harrison Barnes,0.482,0.45977011494252873,174
/players/c/clavevi01.html,Victor Claver,0.45,0.3333333333333333,3
/players/w/whiteha01.html,Hassan Whiteside,0.628,0.6266666666666667,150
/players/n/noahjo01.html,Joakim Noah,0.445,0.36363636363636365,88
/players/c/cunnida01.html,Dante Cunningham,0.457,0.4935064935064935,77
/players/l/loveke01.html,Kevin Love,0.434,0.4,295
/players/l/leeda02.html,David Lee,0.511,0.48863636363636365,88
/players/d/dudleja01.html,Jared Dudley,0.468,0.4485981308411215,107
/players/k/korveky01.html,Kyle Korver,0.487,0.4430379746835443,158
/players/v/villach01.html,Charlie Villanueva,0.414,0.44554455445544555,101
/players/d/douglto01.html,Toney Douglas,0.373,0.45454545454545453,11
/players/r/randosh01.html,Shavlik Randolph,0.257,0.0,3
/players/m/morrima02.html,Markieff Morris,0.465,0.48010610079575594,377
/players/l/leonaka01.html,Kawhi Leonard,0.479,0.4767025089605735,279
/players/t/teaguje01.html,Jeff Teague,0.46,0.47157190635451507,299
/players/s/stokeja01.html,Jarnell Stokes,0.568,0.7272727272727273,11
/players/t/turneev01.html,Evan Turner,0.429,0.441747572815534,206
/players/c/carrode01.html,DeMarre Carroll,0.487,0.5124378109452736,201
/players/p/porteot01.html,Otto Porter,0.45,0.47368421052631576,95
/players/a/acyqu01.html,Quincy Acy,0.459,0.47560975609756095,82
/players/f/fieldla01.html,Landry Fields,0.488,0.6363636363636364,11
/players/m/millequ01.html,Quincy Miller,0.237,0.4,5
/players/a/augusdj01.html,D.J. Augustin,0.399,0.3967391304347826,184
/players/t/templga01.html,Garrett Temple,0.4,0.37142857142857144,35
/players/b/bynumwi01.html,Will Bynum,0.323,0.42857142857142855,7
/players/d/datomlu01.html,Luigi Datome,0.483,0.5,30
/players/g/greener01.html,Erick Green,0.377,0.3055555555555556,36
/players/p/plumlmi01.html,Miles Plumlee,0.535,0.4098360655737705,61
/players/g/gordobe01.html,Ben Gordon,0.437,0.43243243243243246,74
/players/g/greenwi01.html,Willie Green,0.386,0.48,75
/players/a/amundlo01.html,Lou Amundson,0.427,0.5102040816326531,49
/players/n/nowitdi01.html,Dirk Nowitzki,0.459,0.43521594684385384,301
/players/a/allento01.html,Tony Allen,0.495,0.5,114
/players/l/lopezbr01.html,Brook Lopez,0.513,0.48677248677248675,378
/players/w/watsocj01.html,C.J. Watson,0.434,0.44144144144144143,111
/players/p/pondequ01.html,Quincy Pondexter,0.421,0.39814814814814814,108
/players/l/lucasjo02.html,John Lucas III,0.404,0.375,24
/players/m/mcgarmi01.html,Mitch McGary,0.533,0.5882352941176471,51
/players/b/boozeca01.html,Carlos Boozer,0.499,0.49606299212598426,254
/players/s/sefolth01.html,Thabo Sefolosha,0.418,0.5581395348837209,43
/players/b/burksal01.html,Alec Burks,0.403,0.43478260869565216,69
/players/t/thomama01.html,Malcolm Thomas,0.45,0.42857142857142855,7
/players/c/chalmma01.html,Mario Chalmers,0.403,0.3870967741935484,155
/players/m/mariosh01.html,Shawn Marion,0.446,0.5,52
/players/h/hamiljo02.html,Jordan Hamilton,0.4,0.36363636363636365,11
/players/r/redicjj01.html,J.J. Redick,0.477,0.4695121951219512,328
/players/w/wallage01.html,Gerald Wallace,0.412,0.5,6
/players/s/splitti01.html,Tiago Splitter,0.558,0.5131578947368421,76
/players/g/gordodr01.html,Drew Gordon,0.421,0.5,2
/players/j/jordade01.html,DeAndre Jordan,0.71,0.7458563535911602,181
/players/h/hudsole01.html,Lester Hudson,0.429,0.5,4
/players/m/mirotni01.html,Nikola Mirotic,0.405,0.42134831460674155,178
/players/g/garneke01.html,Kevin Garnett,0.467,0.36486486486486486,74
/players/a/allenla01.html,Lavoy Allen,0.472,0.5569620253164557,79
/players/j/jackja01.html,Jarrett Jack,0.439,0.4322033898305085,236
/players/w/weartr01.html,Travis Wear,0.402,0.3404255319148936,47
/players/r/robingl02.html,Glenn Robinson,0.388,0.46153846153846156,13
/players/l/landrca01.html,Carl Landry,0.515,0.46846846846846846,111
/players/j/johnsjo02.html,Joe Johnson,0.435,0.41297935103244837,339
/players/w/willire02.html,Reggie Williams,0.385,0.375,8
/players/c/capelca01.html,Clint Capela,0.483,1.0,2
/players/l/lambje01.html,Jeremy Lamb,0.416,0.38461538461538464,65
/players/d/davised01.html,Ed Davis,0.601,0.5808823529411765,136
/players/c/cherrwi01.html,Will Cherry,0.263,0.0,1
/players/k/kuzmiog01.html,Ognjen Kuzmic,0.667,0.5,2
/players/h/harride01.html,Devin Harris,0.418,0.4307692307692308,130
/players/h/hilljo01.html,Jordan Hill,0.459,0.4567901234567901,243
/players/h/harklma01.html,Maurice Harkless,0.399,0.5,28
/players/y/youngja01.html,James Young,0.353,0.2916666666666667,24
/players/b/biyombi01.html,Bismack Biyombo,0.543,0.6060606060606061,33
/players/i/ilyaser01.html,Ersan Ilyasova,0.472,0.4444444444444444,189
/players/l/lowryky01.html,Kyle Lowry,0.412,0.3916913946587537,337
/players/h/holidjr01.html,Jrue Holiday,0.446,0.4642857142857143,168
/players/a/antetgi01.html,Giannis Antetokounmpo,0.491,0.4560669456066946,239
/players/g/gasolpa01.html,Pau Gasol,0.494,0.47368421052631576,399
/players/a/ajincal01.html,Alexis Ajinca,0.55,0.5,100
/players/w/willima01.html,Mo Williams,0.397,0.37735849056603776,265
/players/r/rudezda01.html,Damjan Rudez,0.452,0.5344827586206896,58
/players/o/oladivi01.html,Victor Oladipo,0.436,0.43304843304843305,351
/players/b/bartowi01.html,Will Barton,0.425,0.43529411764705883,85
/players/d/dragigo01.html,Goran Dragic,0.501,0.4755043227665706,347
/players/c/cabocbr01.html,Bruno Caboclo,0.333,0.3333333333333333,3
/players/g/gortama01.html,Marcin Gortat,0.566,0.5809859154929577,284
/players/p/prigipa01.html,Pablo Prigioni,0.399,0.4666666666666667,30
/players/j/jacksre01.html,Reggie Jackson,0.434,0.4758842443729904,311
/players/e/ennisja01.html,James Ennis,0.409,0.44,50
/players/j/josepco01.html,Cory Joseph,0.504,0.5132743362831859,113
/players/s/stausni01.html,Nik Stauskas,0.365,0.41509433962264153,53
/players/h/hummero01.html,Robbie Hummel,0.459,0.4186046511627907,43
/players/g/goodwar01.html,Archie Goodwin,0.393,0.391304347826087,46
/players/u/udohek01.html,Ekpe Udoh,0.458,0.5,4
/players/f/fredeji01.html,Jimmer Fredette,0.38,0.3333333333333333,36
/players/c/canaais01.html,Isaiah Canaan,0.386,0.40384615384615385,104
/players/c/cartevi01.html,Vince Carter,0.333,0.35714285714285715,84
/players/e/evansje01.html,Jeremy Evans,0.552,0.5384615384615384,13
/players/f/foyera01.html,Randy Foye,0.368,0.4105263157894737,95
/players/b/bledser01.html,Eric Bledsoe,0.447,0.46200607902735563,329
/players/a/aldemfu01.html,Furkan Aldemir,0.513,0.45454545454545453,11
/players/o/onuakar01.html,Arinze Onuaku,0.857,0.8,5
/players/c/cooleja01.html,Jack Cooley,0.409,0.5,4
/players/b/baynear01.html,Aron Baynes,0.566,0.4838709677419355,93
/players/b/belinma01.html,Marco Belinelli,0.423,0.3333333333333333,117
/players/h/hardati02.html,Tim Hardaway,0.389,0.4097560975609756,205
/players/v/vonleno01.html,Noah Vonleh,0.395,0.1875,16
/players/c/caldejo01.html,Jose Calderon,0.415,0.45054945054945056,91
/players/b/brownlo01.html,Lorenzo Brown,0.426,0.4,25
/players/c/cartemi01.html,Michael Carter-Williams,0.396,0.41132075471698115,265
/players/d/dorsejo01.html,Joey Dorsey,0.552,0.7727272727272727,22
/players/m/mclembe01.html,Ben McLemore,0.437,0.47257383966244726,237
/players/m/martike02.html,Kevin Martin,0.427,0.3883495145631068,206
/players/r/richaja01.html,Jason Richardson,0.348,0.4523809523809524,42
/players/l/ledori01.html,Ricky Ledo,0.333,0.38095238095238093,21
/players/d/denglu01.html,Luol Deng,0.469,0.4409448818897638,254
/players/b/barnema02.html,Matt Barnes,0.444,0.4294478527607362,163
/players/t/terryja01.html,Jason Terry,0.422,0.3877551020408163,98
/players/j/jeffeco01.html,Cory Jefferson,0.449,0.4473684210526316,38
/players/s/snellto01.html,Tony Snell,0.429,0.48314606741573035,89
/players/o/obryajo01.html,Johnny O'Bryant,0.367,0.3684210526315789,19
/players/e/ezelife01.html,Festus Ezeli,0.547,0.4,30
/players/b/blairde01.html,DeJuan Blair,0.456,0.47058823529411764,17
/players/h/hicksjj01.html,J.J. Hickson,0.475,0.4094488188976378,127
/players/a/aminual01.html,Al-Farouq Aminu,0.412,0.4166666666666667,72
/players/c/crabbal01.html,Allen Crabbe,0.412,0.4642857142857143,28
/players/g/geeal01.html,Alonzo Gee,0.468,0.4090909090909091,44
/players/w/willish03.html,Shawne Williams,0.403,0.38461538461538464,78
/players/b/butleca01.html,Caron Butler,0.407,0.4421052631578947,95
/players/b/blackta01.html,Tarik Black,0.575,0.5774647887323944,71
/players/p/paynead01.html,Adreian Payne,0.414,0.4716981132075472,53
/players/l/leeco01.html,Courtney Lee,0.448,0.4624277456647399,173
/players/h/holidju01.html,Justin Holiday,0.387,0.375,48
/players/b/bradlav01.html,Avery Bradley,0.429,0.46938775510204084,343
/players/j/jerregr01.html,Grant Jerrett,0.269,0.4,5
/players/b/blakest01.html,Steve Blake,0.373,0.3728813559322034,59
/players/m/mcrobjo01.html,Josh McRoberts,0.528,0.8333333333333334,6
/players/f/feltora01.html,Raymond Felton,0.406,0.391304347826087,23
/players/c/crowdja01.html,Jae Crowder,0.42,0.36428571428571427,140
/players/t/teletmi01.html,Mirza Teletovic,0.382,0.38823529411764707,85
/players/g/goodedr01.html,Drew Gooden,0.399,0.45,60
/players/j/joneste01.html,Terrence Jones,0.528,0.5555555555555556,99
/players/j/johnsam01.html,Amir Johnson,0.574,0.5562130177514792,169
/players/w/wiggian01.html,Andrew Wiggins,0.437,0.4266304347826087,368
/players/t/telfase01.html,Sebastian Telfair,0.368,0.35714285714285715,28
/players/b/bargnan01.html,Andrea Bargnani,0.454,0.4322033898305085,118
/players/s/sullija01.html,Jared Sullinger,0.439,0.40454545454545454,220
/players/m/millemi01.html,Mike Miller,0.325,0.3333333333333333,18
/players/c/clarkjo01.html,Jordan Clarkson,0.448,0.4321608040201005,199
/players/m/marshke01.html,Kendall Marshall,0.455,0.44,25
/players/g/georgpa01.html,Paul George,0.367,0.1111111111111111,9
/players/g/greenje02.html,Jeff Green,0.43,0.4305555555555556,288
/players/k/kirkal01.html,Alex Kirk,0.25,0.0,1
/players/g/grangda01.html,Danny Granger,0.401,0.47368421052631576,38
/players/h/hinriki01.html,Kirk Hinrich,0.373,0.2948717948717949,78
/players/d/dayeau01.html,Austin Daye,0.355,0.43478260869565216,23
/players/f/fryech01.html,Channing Frye,0.392,0.40707964601769914,113
/players/g/griffbl01.html,Blake Griffin,0.502,0.5132743362831859,452
/players/b/bareajo01.html,J.J. Barea,0.42,0.3706293706293706,143
/players/v/varejan01.html,Anderson Varejao,0.555,0.6440677966101694,59
/players/c/clarkea01.html,Earl Clark,0.367,0.3333333333333333,6
/players/e/ellismo01.html,Monta Ellis,0.445,0.4433198380566802,494
/players/d/daviebr01.html,Brandon Davies,0.401,0.45714285714285713,35
/players/p/pattepa01.html,Patrick Patterson,0.449,0.4715447154471545,123
/players/p/piercpa01.html,Paul Pierce,0.447,0.41361256544502617,191
/players/m/mccolcj01.html,C.J. McCollum,0.436,0.49019607843137253,102
/players/h/horfoal01.html,Al Horford,0.538,0.5805471124620061,329
/players/j/jordaje01.html,Jerome Jordan,0.532,0.5217391304347826,23
/players/a/adamsjo01.html,Jordan Adams,0.407,0.5217391304347826,23
/players/c/chandwi01.html,Wilson Chandler,0.429,0.38,300
/players/d/dunlemi02.html,Mike Dunleavy,0.435,0.43478260869565216,138
/players/w/wrighbr03.html,Brandan Wright,0.642,0.6893203883495146,103
/players/s/smithja02.html,Jason Smith,0.434,0.5,156
/players/j/johnsja01.html,James Johnson,0.589,0.5925925925925926,135
/players/h/hasleud01.html,Udonis Haslem,0.448,0.5471698113207547,53
/players/w/witheje01.html,Jeff Withey,0.5,0.5833333333333334,12
/players/s/scottmi01.html,Mike Scott,0.444,0.4745762711864407,118
/players/t/tayloje03.html,Jeffery Taylor,0.395,0.4090909090909091,22
/players/c/collini01.html,Nick Collison,0.419,0.4807692307692308,52
/players/b/brookaa01.html,Aaron Brooks,0.421,0.4089068825910931,247
/players/m/martica01.html,Cartier Martin,0.283,0.5,6
/players/b/boshch01.html,Chris Bosh,0.46,0.44,250
/players/b/bairsca01.html,Cameron Bairstow,0.214,0.0,1
/players/m/mcadoja01.html,James Michael McAdoo,0.545,0.7272727272727273,11
